Income,Age,Expenses
2346.340449884296,38.13529075721771,2999.125005890609
15050.607154587606,9.376297332953316,5863.750786505096
6583.728467727246,49.976813901401925,684.8505288377173
4564.712768879766,69.75057846741612,7804.657768136403
848.1243523117314,31.554285761466723,2950.7815437497875
847.9814595730259,45.702004565120006,4318.845214543414
299.1938430434034,38.9885076566724,9341.180951942708
10056.154322399698,12.48688011462644,11741.210922200213
4595.410768136323,68.59004728930142,7971.617105676875
6156.250308522952,32.3224188769866,1761.3550346239367
103.99653999569313,54.20750410234621,7696.153901212658
17517.78737579156,63.90285678746139,8060.844278392045
8932.147716773376,21.7056130894815,6988.37440105614
1193.438126244735,23.32620359448828,13023.351538565164
1003.3949437483168,25.970836018676792,5331.736734120722
1013.0571141612852,77.40584787090529,12693.57839770603
1813.7686473023855,15.159345349823068,12642.551262417212
3719.639154304272,86.3907528758335,8219.292990515884
2827.6853339016834,38.670271425973326,6238.834318970789
1721.1149627697075,40.7149080142381,7016.999710292514
4731.854369498993,61.983778674426034,14896.573585411115
751.1726436366934,35.503354159785005,10404.165257001714
1727.5775600120114,69.10627115119814,1972.417711154655
2281.386091104235,21.68149670080943,6704.933823203913
3044.673439298875,84.57044934392259,2383.195883358373
7689.680055154559,23.102924458360388,2875.825948227383
1113.6793106434511,86.70323851372385,3697.927054872881
3610.1457751656394,23.61863615974636,1292.8865522263748
4487.5236065488025,26.574198566050278,2243.9182285162105
237.81924878204276,13.547588942924666,13494.206315004638
4676.66510324805,17.179266748296985,2860.463065237855
934.806259887082,32.44576972586639,9093.479478834275
336.3196543965212,39.75381398230266,5695.496377752983
14868.438967534654,65.75490885568108,7463.394394907473
16853.151712305862,28.10781765389602,7688.070354748798
8261.657864064384,44.214112252889485,2153.0211057730858
1816.4392998437916,37.8184659125711,9056.879692588547
513.8865750125312,47.73361419673967,1584.4258147555663
5763.753815493309,19.42954905570218,2757.7911190489235
2900.454212926992,21.416864448380988,7609.903332958045
650.7611697722432,19.43590709278592,2022.7729995391155
3417.7361406707505,74.42318423257137,600.0358025776612
174.96860721739543,85.1074455296299,6480.123000517255
12002.11443696512,20.661725852389026,1058.3820388099402
1497.2888842034304,21.01137348443334,8118.50335009005
5431.278992824901,52.491730301123454,3919.0426464873335
1867.7329082881183,91.38126173493568,6413.175425967997
3670.5544795461433,104.5271925202926,6327.141147829954
3956.118989908988,19.88256679813564,8541.06319736164
1021.9429975395288,24.291567876880517,7766.973029625109
17464.035663681134,41.27254321948844,2005.6016334246465
7461.226885690704,42.73617934642586,4113.004163994545
14025.472096457912,28.970132167755395,6407.699340716426
11260.759987670985,16.678009270824933,12844.868577754196
4555.272061916375,32.48529368851467,7816.955930459945
12747.176896347026,104.4542022635438,12114.99634411619
463.2772947655781,21.675239420343438,6652.704844047839
1090.6734731563372,39.45181765405697,10527.346687738407
231.40982843415975,150.40581655438004,6029.056474070774
1967.660434015434,21.419328878129036,10238.06106450581
2460.651458971093,54.22145893687977,3758.735477692312
1582.8022160441285,107.36419777613403,13828.228187956724
8822.78932620467,51.02803054980591,7196.579087496967
2206.1349976493507,70.93672749341322,1302.7532917748565
1649.014200671246,59.32295198160585,6563.342543095619
3912.03541603873,48.22150336542569,7834.905970363471
759.4907391031443,83.27129281717312,9271.825602676205
8102.417978873656,53.04508405430819,17029.41178590233
387.37934405654505,29.201874729150884,3285.8976508355167
21670.7316979366,37.26677578146816,17103.424878392067
7397.418881207557,43.78732255387664,5014.326937854403
1107.6972025294297,24.173887582136096,2640.425213762203
27.68710187967737,38.51495329471846,3346.102950931677
8449.48388743063,34.54675299197367,7512.2121475426065
6135.479536935223,52.93164037901198,2307.9522985381154
6528.314543939995,126.1946480662066,3811.094598471204
7376.072630217567,40.19590626766866,6446.516934496026
384.64632756898175,92.90428379360678,13757.739907671
2219.4633620811624,51.621634936694704,9090.310356275357
615.7505230222482,38.38744182817686,5170.432204892519
9942.647858291111,23.08410148070268,7488.149235243672
4881.50595856187,38.60005009002041,5994.081660405915
2009.0940062565048,36.88581741361938,1735.7323821886166
328.3403290239145,18.327179142358247,15346.228013262296
1862.4417520517688,20.884474250835147,13901.663169598472
1966.5710659206568,44.0522903150402,4719.0357503208725
6539.3789197887045,92.29560526518064,3446.796775275012
5074.4467946301,31.664326445294297,1775.04888844652
10911.259562007574,8.182022501090922,7820.301748265051
3195.330666881549,13.306886391489506,7855.937540491303
636.8619680775095,55.17208151640873,2487.039333302992
6245.631721582997,9.999725545267616,6045.993902639529
7151.96376538432,61.31567334714856,8897.656949950757
4119.437474429144,53.09758543691893,3254.7221208739634
7369.449833606823,30.83763618212257,4277.03463436988
3404.0736575513897,18.46986391342557,4244.337121249537
3698.394193886335,27.4845556182375,2630.0791923791644
2789.070969542137,43.27468783823594,4346.130281780317
128.73886995056864,10.336263492201809,1080.8019612114176
570.8371759593292,86.23430620971132,4072.001153904213
159.6684064652691,42.98863313980917,4121.793240228614
5058.647754637747,46.57214883304312,4764.5828200725
1886.9835439754995,52.83465357095861,7096.218243260677
3552.1858856709505,80.7768533284915,1637.7995870601394
11906.327649229876,38.66931340049435,1952.6509619931933
1433.6941149164916,55.19547107313759,2571.420498561436
2641.409874413363,18.7414458216667,1472.6819589174822
7043.745737692917,104.80749688362084,7676.731394753588
1299.02578458697,36.75158628547192,3136.9233396162385
400.5213927508818,18.659612547859258,4879.222363630703
1710.7015194352853,23.08915814131071,2381.318306928268
879.0417925003143,4.477141049741479,3732.4906393350047
13274.750429403124,22.96561445135715,6259.198957168702
8254.435402422847,1.745985127602618,6480.813497825607
5017.470952602655,58.0175578601237,2032.321461738582
10257.598652604063,45.569549890740895,4694.289768390064
8139.844703702782,14.080948692333944,2417.8129747207063
1032.4773817931953,32.11654492119392,4561.264812625178
11154.067026177803,33.24040266908037,2920.3336129525237
3875.49950983086,11.47805616289351,15985.398528750504
8236.741456517831,27.947373765619503,8862.485403923525
11321.213246431156,34.03235285105688,6685.502640910602
1913.6535820915924,27.34988682623225,3995.798392312744
582.9608006192542,18.6432619216084,9039.532069520805
1293.4337306969069,13.58333178227185,4799.772275899652
2785.288463743072,26.589392891443747,14929.862529498492
8519.148633194725,20.6536049253242,9664.332255180529
9856.724859399166,50.41074095603649,3710.614599622304
34.88204590825323,84.09143875407571,13824.2254697279
3574.380796692779,63.36049897986179,4012.131245452221
2701.3666045933564,34.89680973000724,16594.618287717858
1255.8366913791224,19.26432308782749,14311.020199234685
638.401957728234,62.20121152354953,6234.566148073239
2059.5428993121623,52.57005340929822,1126.0234197084492
14315.60561345575,80.23034712681694,5887.436519771249
1951.919014407372,38.70006411676464,1840.5248622802665
3657.26402880076,101.24787111144336,2995.889583136294
6070.434884404274,38.70894016164886,3189.153639993602
2259.872494834812,19.18415568646696,1825.526390346365
17838.990691458497,22.335416259023727,5903.71501171347
16410.04932270699,48.73727161331154,2703.0733055653955
1450.3064749610264,20.60633233169298,4159.269217903793
3438.296392319236,100.79254937137216,3211.902946100354
1789.652300395234,45.9160125577276,7117.933554871837
1676.248381905409,34.32423884215347,6755.360762748509
187.92238882761265,36.529571252416005,3900.0989660184655
4702.460354912966,27.119735118112292,7370.534089678049
3492.598164148192,6.146284140709075,11429.974110177332
264.2554369019624,22.34924647452008,490.2816286492343
1633.1296050518467,92.72713315396857,3060.366299892414
11944.3047554467,39.47099983374821,2179.2794008071064
1369.3027607103852,68.33745273853191,2834.0013869354098
782.6543049273488,69.66191460950175,376.0008596082989
3361.3605473681814,32.34890217602612,463.0693137565003
21220.1849130763,53.17234030697837,3303.542719708313
1385.724067798631,6.950130187342899,3226.2445438589684
5575.7750514864665,87.8389637002524,12534.80392684217
7169.438131197315,83.17304215950784,5567.282715940864
1356.665861679029,47.785426858878814,7238.153887641393
6513.744642461581,40.52706971881268,40830.69805354616
2292.61399632152,32.677873886477194,15095.841177544493
5002.518738658857,73.70710021693667,4825.795082691676
5019.189135688192,57.49231921580322,3530.344830714875
3836.926249761744,24.823586410472124,3101.831260597999
473.1457940581048,11.975918349580784,6387.837023872782
9018.223971231484,9.834293098574552,3555.099068891931
1934.0514683369831,73.18673094164258,1776.109317656714
1032.160533037783,32.13646686459994,3200.035635024038
208.148798971726,47.22988279160354,6520.737875292799
4468.892022972917,35.356470184808785,8152.605829586239
5659.258671336745,9.968657684044608,16120.696928746853
83.63473779235309,7.131540282613943,5389.512362254995
3588.1529227474416,23.456309463495284,11885.4654996321
1284.1207352747883,25.11724517562548,4283.212448212296
5180.62170773846,25.1043000518766,4755.497619754067
958.0211126956688,25.6993215835799,4563.220904227643
5871.062637838596,120.8464567479376,5878.534274124061
2444.793504905509,67.63919524707613,9178.160824059712
13801.719089021535,39.88679041253626,3435.0832549600887
739.7220671963947,31.518564411757737,2286.2153939629784
2085.662169975859,32.381466361571974,9687.49546463695
602.2214251849821,56.05406751779135,9218.237496746566
12930.951985753618,31.29237290046534,13147.27228238604
10491.66853580497,63.0319844968266,3006.6229049347708
1491.6368503074443,43.10385664353922,4162.613449893251
5393.813695219573,121.556301677494,9938.037612882092
8497.420363196106,29.85748575939297,3402.1518461170367
4050.66180343254,70.91448356962661,7913.394492065018
3771.39705096973,13.0471959360799,4297.881045867089
1384.3852271895155,19.68235038105367,6363.0092832257305
488.6307023747036,111.20021152293404,1742.096543199745
11375.616125972614,61.22309226135609,5337.328676832045
11533.872138242134,47.83966790405977,11276.181964615978
5013.349597414423,141.864416490065,8655.684933726927
2070.2325490566195,31.86764547199349,2151.765779715319
2147.83807905822,70.80106972830175,15279.966399653422
6472.327148635591,74.33561218261761,10813.917998177842
11370.486745536262,95.79628045542694,1822.697251030656
10905.662846983068,11.63119356630518,3218.356271682084
7567.810959654516,31.704561806020187,1922.7729918706048
5136.553467838525,42.56289572573826,6493.27551604984
439.45863098042025,94.7707291276744,3100.370968013048
881.4710734170575,46.46835465137716,648.7620157126343
11441.152500887529,74.44320873888499,4738.864288737109
4662.469734827948,10.621940225126204,9425.423528192916
46.19802805497205,26.225452773610456,5420.86833047338
534.9845071797466,82.96495185556465,7414.072417695582
5445.811936451205,29.06135587348373,5814.473266009552
25.372185258985013,33.73720282656682,8407.299719219982
876.5790805209953,93.77897245788458,6203.654768901721
3978.4892306946585,15.898571311473264,4539.648802507599
5886.576433274064,19.407545132149345,5370.418113781733
5277.207410676244,9.512792184500086,13472.522160981323
1269.7493365401224,96.24497281182197,7713.32861639571
6227.086444492695,66.79574231486339,2145.1453693107105
1354.1187952640296,65.6511223111892,5306.124020940871
1968.1745445904223,25.62999327091568,6409.145465404885
6861.787758328954,8.787950354239243,4422.467552039371
5243.86907151384,6.342266349678589,653.1866955986786
9459.780387317003,83.37181832954224,2353.189008279711
5359.066440848812,50.11624990574278,3563.092547179968
4200.221527936287,57.01941247914365,16453.27417770019
491.7853072420524,41.13354577935748,7128.523600776952
2292.0815360351003,17.40988154966545,1082.6364133211844
1540.8007392941558,26.59883716410762,4646.045677770807
1398.5010183121062,13.769076464853343,12093.094112924804
18061.54703081463,12.18698035867462,3063.2105598692774
2496.9374852001188,63.11054591598285,10196.215484387543
11130.276056242614,7.003756008482992,1122.152066861841
4986.671928682416,13.856672528504577,97.04422616195932
7919.126263441999,27.86322694415164,11238.041937666656
3492.1766219438523,36.12881521968503,3412.150945920438
4300.779513207925,9.390924102711056,3641.166406296707
3391.467166708467,46.04883031479957,5774.364100873103
1086.0744766261926,39.45546316830749,6949.416098678575
6408.809015329019,82.41767740666516,228.48557384063227
1647.8868418313148,36.59180200794189,2859.358598912698
123.08240540344308,49.42106094023974,5231.941708334285
5184.843931476369,18.29477848704005,6938.10518842635
974.6678511241134,18.979746600643903,2121.408765931383
14105.415736366516,10.427330485054911,4241.727082125651
15387.812063940117,18.452500874491527,3055.026817993908
12317.549423169206,26.28301150008893,5919.629537628088
2311.4369824868336,77.0435566605293,10966.546333578935
77.88657685972191,16.08233764255299,3807.486057475061
13177.617286659448,125.06249450890732,1346.9004283861375
2794.6913852653065,52.521269571092766,2724.92197490161
17004.21008061028,45.1997660475395,15178.838015417346
16568.67738065103,34.47738522706298,2361.665488343708
9586.935085897096,29.679999210518623,1639.7351883993636
1743.8803408608014,20.911521716320376,3618.766693421868
2431.459660493468,8.99949806984967,4646.965260595597
9523.633262390398,16.590657627418814,3217.333116683765
1905.7311571535852,96.09331067084584,1129.1404335563957
928.593081478774,50.28838302559774,6351.809899646484
4068.6849603011383,95.53374047718604,5924.171902441595
13756.467354035209,20.457154675483142,8191.37808925344
5954.127988789686,13.397748891693649,5825.265864088927
4220.561682178278,34.22113196987943,14357.118188918312
511.1409867466144,17.143181792430372,8643.116994286973
4772.653577588589,39.74136353795671,7462.326420235598
23052.848739231587,7.137880488126505,11239.835704972493
754.6029332113208,3.807973709995695,5563.550323257002
3652.476624907519,43.954251108397706,4314.208692876403
10493.043189503973,97.85366125126488,6299.28424451605
6750.17124176835,45.365083192071616,610.9602038843203
5970.372126508365,49.927328842728365,5576.985975009261
6061.437781122449,35.33454815843798,4643.012883859846
2227.4617115747456,37.90021887891597,6807.573694121753
1737.810421335476,8.534142356922192,10217.06787208929
8286.872536298562,17.720407728118243,7617.683624695524
8306.640995435144,76.51896355194248,2731.512574758555
10089.750236839574,25.812955517350925,9099.426958914752
12223.079809183182,75.4903928956807,14495.455028162369
3580.4661846645186,37.1279726113765,10398.279346186766
3480.921887755996,38.54197018796308,1477.788703633747
8004.749661542437,25.97205286785273,7560.629049150219
5248.595374439001,55.1631304573382,1715.210963760636
6052.753242557585,64.63956935181264,3981.621820750156
7943.097374771024,16.879095274308202,6662.877956887496
11036.617381733837,9.421944781101478,6038.560782023604
2062.412035688271,4.848115140405978,10260.67678729435
2354.683943637782,48.24519700504848,14542.17083321769
493.4801959368028,44.406676964468645,7153.9247440981535
4317.070133047173,148.02608476781714,3737.593284141392
183.02052105428496,35.49111296912082,651.6438074711128
3133.034740910548,30.84465301652361,12040.870919165418
3911.47292843563,40.72500040457358,4662.299186844297
1688.1533015726125,42.34856715115679,4855.89650670102
4468.1626507308765,29.016891660741408,5161.767367673813
154.87531050737272,17.380081956322748,6919.473327205636
190.3174964139469,34.06627504689715,7067.059570254743
8646.75684769068,33.098435791323915,4033.41223705734
2232.925121038724,32.69130670064562,4625.945356896026
679.4452064871399,59.220029572545954,3009.824643422838
3693.267941395078,33.601351976509136,2729.6150035652267
7348.239702228676,9.639298575558984,2717.8662098342406
1215.5900171495168,19.94257286898389,4583.525048784622
4876.098093282464,28.735059863588543,2269.2441712425693
446.0551449494864,34.81752717788663,77.58145537635653
265.325479551547,48.96571100844945,3684.279796603607
3789.544703127605,35.02592234803798,1575.6153792434277
3889.552213473711,3.920114316795669,5435.820119156651
5072.68724102308,10.839183002311142,2999.667441695089
6474.802814583421,51.34674771632855,6981.713552305951
18617.785043499964,28.120401773213327,1729.3343311574477
3631.455596151781,37.3211426642824,821.3912043548052
1950.098570529894,25.365347225505204,4635.036629116068
7928.269898663431,19.871335817041405,3555.8009540365497
1579.2573271806864,26.117641324382586,1436.9442826099855
2889.917156366507,37.65360461973661,8647.984646976993
408.5258429183495,33.41204310665028,2036.229130999649
128.3880477073719,64.352984342949,2615.3255882513854
16436.89961634301,7.814323836036314,9808.45137216883
9038.838210575312,9.031075281739495,7274.690260208519
5953.213663996708,27.860196946366216,1827.887624491526
2629.298222325709,49.3594719123,3825.16514509224
951.5326807105436,57.02778022219656,1649.6288165453482
850.6037078642707,20.55371849322429,9321.40529394287
1440.029945632918,1.208776545884916,9317.042283884384
3983.953241566573,21.125062638218477,15960.726496715231
6269.246438883879,44.5075820560621,20065.04144691628
5396.951748483993,32.93959527835326,2969.0864823243924
1642.0613069449796,50.639307169751945,8299.438671260228
15490.517492781531,74.75690879011015,678.0833699411576
6695.087024376132,29.405375547149305,5752.018241888798
4041.152409656656,23.14785072287347,6835.37190815711
4730.152360187175,15.309548973097574,2144.268824413501
2720.189327660257,8.976886921461302,2809.6266939735337
1423.3064613703175,6.618108553608085,9360.772084134933
2200.070646615562,18.87048349217661,6959.099467941728
7090.909238783566,68.03814372081337,14635.622477218598
72.49039860402138,54.07996144250775,13523.918117255938
616.9019611998802,22.255920656117155,937.0313213667956
235.47188476260263,125.82205902334094,3231.452120565639
207.90725958646212,20.01226767682555,1935.9454118307
9671.015168078293,79.50667475681644,8544.97370534768
6081.203058503442,92.09145351750928,6181.443912832802
3213.9229720644616,46.67609765847686,2066.9037173465967
514.7845922390662,18.71818422258824,2385.0466804258867
3382.589828986166,24.762528829355897,11569.245152943027
3207.251660471856,38.33275122443028,3549.809936999326
950.9735640011248,9.246303927172043,542.447329936354
2844.495656511619,14.013637989148284,1893.644218714909
2541.6830729160342,12.95065371118052,16657.45375257599
4783.612164565672,49.198301569021766,10004.759754754778
5040.57268020456,74.27718087501916,1544.444261545721
231.8116201026737,55.5558149251503,5750.040937215149
2346.920023275308,66.2322462197027,9583.22759635709
4915.624973913643,17.36252631231955,921.9235688371112
3497.1972630389487,25.67664644798965,10323.481973872142
9706.747265877191,27.26724555508912,6911.324257940323
5374.873820274989,46.54422726786811,2664.098860591495
889.2643438365367,19.32562952817,7719.168887504053
365.9121812812042,63.48762320196321,6245.942502925713
5141.970735544455,90.42184517065496,6563.205789430022
134.34536333697216,48.24005755363268,5595.757847943358
4406.736889036453,24.77034080260359,2305.052775325021
14086.27727693576,16.021065422389974,2717.7452301272792
4283.912227887722,12.979569940679957,4133.336926404885
2456.5034611195365,3.976847221545592,5180.29250559666
5154.13578922491,27.94072917887448,8045.285793523212
3064.7798702554564,26.684711676687904,16916.21481462341
3944.071802881601,60.85231711835709,5951.020461043611
14190.635731164995,20.43112534473225,7945.047003764366
2439.637636750936,29.201788835025333,9249.489568745515
16245.459307533769,41.17480604043968,8345.257742067328
11787.880918849596,47.685202593451365,2224.636066118665
1089.48130470225,56.13581126257717,12301.159492022243
359.42077651578506,38.22915213407129,11039.440276333937
531.1266774081511,9.809706287838392,5538.372108598274
91.94943923616852,44.75487067565071,2350.1016870628905
496.0250582787707,19.185247419023653,5117.215639518033
5744.374362885836,76.6174003771876,1062.9412036699362
369.2481347321351,33.885585138720394,13375.456163109442
1920.7859414743425,39.94397443527675,2941.557666511352
9317.630200486385,155.73780853038463,3965.339857815298
117.73501590355754,56.81333241127854,12751.848208696243
8422.652530929792,44.17511828020316,11755.519676348911
1655.4173341981473,29.884692675807845,6426.743283995616
628.7505991455382,10.661856842599413,14708.407655893434
5965.777042199567,28.222407585176743,2159.301832172053
4956.995882166101,15.842539162420222,6429.167441562311
10497.079070434736,97.7125014601902,2176.1211850616205
6641.467893822001,44.59741941467296,10590.081748724137
8134.979029969891,74.75956248158408,10340.084980838636
1656.6693115336927,19.93761062216733,15393.000958639526
976.6664802022348,16.897000161193453,4998.785249586286
6943.781980027124,53.02997141043743,18212.09544939092
8221.045916217097,15.268248829161957,2009.6565067079664
23285.024450701152,23.2659726766655,4794.119669437735
2660.396770763025,100.76127464089762,2078.897434177661
2326.219559808664,24.042877084088907,5798.730767776989
7489.772516717935,8.485811792876001,2252.3010138268137
2083.6683546537656,5.406687433020107,10609.613633798292
13350.689621996631,7.421003851534667,7075.334818232263
9774.195785831243,77.71541479179606,1850.7664422482828
2801.7780472107984,21.018300686165343,8979.849332286132
6948.923582477306,152.6210317264596,14030.861650398496
7023.164934275086,91.10866597046424,7569.208895477648
544.1875940335901,116.5921019536598,1356.3720944660813
11642.22840433816,67.38207384223921,4444.951672396653
3518.537448783772,51.09226330518214,8263.475833512271
8756.66278761665,16.356243816271206,4117.763554306234
1928.6771308225411,33.24628110867089,1985.2669925521448
11293.952572729631,54.74079004626324,11436.831297699537
2464.9422703008563,64.58348970682545,3977.478135041397
54.48403307587739,11.690883140421402,14036.58818127081
11789.536484812268,28.578926839238463,3246.0995776669315
478.6280527423762,31.24377687128125,3792.477729006988
1923.2681669251945,30.28760712267286,3034.769300770876
14984.861915941428,13.265577097039342,4385.554994269138
15039.747700519947,107.78061960084862,6992.673161999753
4259.986455276319,27.820840184860277,2084.473890512245
4996.150401952623,14.19079247716494,1731.301153496854
2975.073318114288,109.51143209430428,898.6041288996693
1735.1138937309852,91.16589500750648,773.4878853818243
1992.4316727519488,37.10493134642085,1373.2831874494357
5581.617899642532,22.690179407300427,3227.309436565856
6979.189368315386,6.785210247416488,5720.501652753891
7840.977081105743,48.43073329405927,6716.971235221086
7794.155159243709,21.38412350277774,5524.98514036679
478.1847327015972,32.6279367209624,12987.496698780302
3410.24798286678,103.22571979313324,15773.18541313964
296.40853224368897,20.07670260921175,3992.7075408359274
3987.3065784769647,46.96113414434164,2117.463482300543
2912.7763749364176,57.28393501329538,18946.148918019564
10933.093321104006,76.10813348299286,11173.616906542728
2160.9580973394254,30.81366202693534,10622.55723569226
622.5298877622544,28.346205200628297,3118.4410300149552
771.5382727105969,27.82095936372773,9134.575191549366
7167.152735395469,43.74683307008941,5558.147845295996
4814.528398740175,88.63682664067608,4718.941478001106
533.0435612269272,26.811570234576838,4712.636373716936
439.2776083430254,1.7446808158005545,7224.882314239917
6036.0423582654985,61.76595819641154,13268.962950264846
377.7304476289857,35.09311708771018,19965.425675734008
8625.929269042907,48.50825053798059,3591.620877620944
6124.998765650025,7.076597997674787,5795.953510336003
424.2437529015603,21.45426546326427,4626.861436636849
443.2693388890335,58.33436822634812,6885.732089660927
21577.29281029046,10.303768149943265,4186.905798009832
2344.187912761448,46.88510710996042,2815.0660559934595
2315.2763023765624,32.421517007716,3595.72736265474
8377.877016413386,17.73631221756119,3157.711209038917
14710.82268981622,16.484219206284408,4451.9159252751
21343.86969800992,13.38277687880952,1478.6759465917664
6999.496150581709,34.95139754018011,3209.152179067617
2360.104998095628,38.09973054786137,6837.274576616208
435.9699684897863,24.726409511746446,6800.895089345487
7506.212702273128,12.606913508722178,6043.37262416257
4086.802037807465,45.92356106704155,12507.622775239606
2760.1656265248685,62.5439443525262,7033.326812951757
11841.188377390452,52.01169548211521,12236.218009448528
589.4010398594012,119.6771210979425,19975.028806545404
3392.5255468647715,28.8304645097212,9294.0903304366
57.09294716270834,82.92558048253936,1486.1112082019654
3161.771847914631,19.28175194589941,6221.523131174247
289.75215532962886,16.663453142456667,5566.14094334439
632.454979655856,36.60204647257573,14021.524534599195
625.1311600372813,95.34016895813087,4580.443054968442
5237.841932034858,26.35223322669229,2485.457513833496
6852.988587982364,7.070673417439448,3368.853048002185
4377.768886014343,61.72952071304558,1544.067857658677
16373.601045511885,31.36370582513636,17910.522062278138
2348.982889601336,41.65742179670989,5073.240596492439
1682.3457871027936,17.44630399381627,1696.545681758873
10147.512690851148,36.34433118665514,14862.642715785738
1265.410338659267,8.280967810296486,16535.677039827686
16514.350531259555,108.86855623313704,5710.071763425652
61.14472179484654,69.71963479159116,1404.149526679175
17512.634614397408,35.116230149242426,3438.0749027663005
220.59499309250947,60.55583841971271,4200.069046652851
11088.606145800044,19.32506220076297,5205.139496202455
3750.716251746952,67.6258440866047,1914.495374112442
24784.14303963017,25.41510698678385,9823.651017810156
383.3068797722746,23.9596530627278,475.1062961417513
4035.548318666744,14.253960483404246,10930.732766048795
17417.876106280026,45.51046738293762,12520.597677207674
3702.21966590522,33.96259571431537,3727.1360091231713
4963.141451905937,84.70852068374828,4755.512661708446
5949.506190583871,12.738968464586405,13576.288933300111
3030.6387783847545,45.66023729367841,8042.681985582883
4938.37086504011,74.3512918574623,3837.397847396384
4389.129309028778,38.608430429567576,4218.012172786558
11571.163847413238,25.02085407241193,7254.178937056883
232.55730871740488,37.874914129045656,16863.3462650606
1649.2136294937925,80.23978291843818,4323.676612461225
15019.980029304656,80.21740995960691,3741.921406672265
11048.379142267431,30.376807214200387,5177.199852049147
3040.8763097981,79.2880824528318,5200.921396705954
4839.665143694886,32.74636196385931,6358.087002031898
1624.3670994756508,60.08982848908743,4767.4345783034205
1042.0208071803224,49.53648844091553,11375.224355461914
3115.2929940204936,24.2068462390372,2314.9929569874416
2179.767673083667,14.73876247651127,6879.955364629201
4381.218530033215,75.67135606617771,7076.618448619187
404.611422165924,90.06312222162494,2508.3959420323804
18324.80061261284,44.8820112222989,6830.35957637071
21419.32787776269,32.7125001843727,7210.811046308528
5989.3194095639465,11.21779069193317,226.047098595268
3840.3921720604494,74.36422247960093,2115.002915367435
1851.8965077718,41.19585262982676,14336.07701126876
8404.535837439984,27.08535643498367,3068.290380566117
5771.647918244078,61.270718184964736,1692.3557985562022
887.3682705024419,9.25890168443563,732.0728891195454
12091.505459995637,13.601628836835232,1933.5409038190455
8644.972556836357,18.717664014966925,4610.015375862361
14958.69262516718,48.44092706053473,1572.700847150223
6468.020020980672,38.18843543493188,8117.455860743136
4752.020097956864,52.55430084270765,2467.4294735575363
2708.5125329655666,70.97929479446485,6393.961141779755
13495.091807735593,53.88938092270047,12988.037461510025
10051.9619002346,110.38654098000258,12450.36035370262
231.36469326561397,70.86742174365523,6313.449806979868
133.60408433255682,30.320714914578083,1812.2684856692813
2361.7388079163143,21.333703231006567,4862.527644965676
8318.238614980432,31.049990108659248,6466.596784066727
21821.37734110084,55.21166488327233,22398.654539676976
815.0475496723984,23.306058429355623,723.0773429367797
4508.620651078679,56.27966552372193,4876.016873784478
2397.3684987904808,51.88027205391079,7913.726603597683
17518.542771879813,14.54438237165181,5491.988532622277
9229.566037168172,69.97052096053612,5956.854541337915
9110.950232349289,43.744412997138376,2604.45695280645
3162.077855698868,106.88492099342228,9706.07819161205
2679.174681636745,32.83443120393008,5202.76282597618
1596.944460750306,26.102061756325035,5940.71224606752
290.13481922418106,12.857784990139514,10421.69149246909
10002.13070001655,12.665555884723013,3934.0862787486662
8380.587196249615,64.38315191705523,11996.957683617857
40862.22798909042,99.88125412808252,1517.807543464197
28474.367003721665,30.70854321669721,6195.752567300088
4053.2579632069696,29.16161959702928,2460.245315652033
7326.415451031304,35.17498502296236,1903.0209686386092
14480.85841437218,73.23260456630365,16734.8801699407
9473.860073546228,14.664813133141015,1601.8216639107104
1420.7622229057326,39.87456373577343,5281.072819168111
2994.1341369993224,65.38502979017929,1477.1596949936193
691.4817215654433,48.01769208211119,11501.387692059276
15401.118932208545,0.9183795221912676,3617.053065594767
4659.23851294309,54.07815929088347,10384.206318677949
1298.0186270924185,48.35136657850516,7723.688193874669
5569.147695866252,82.86786011117529,20280.85259049896
4813.352173715359,94.6964920615801,1180.19754628716
2217.10231148553,80.11541611426081,2098.212232696705
602.6956069923464,35.3192026917236,10002.849482705007
5567.20641759551,6.720526823664298,6418.146264968718
3673.0521209301887,28.995097967576505,4169.720607956609
7399.035404802576,34.47186571012858,17881.88576863491
3671.5493021175753,99.04842698406308,5002.645012719934
9558.85055654242,17.603064968467994,2546.993307406762
4013.7705951074377,9.54716247923139,10470.217871810248
4115.572904900736,23.4320694622772,5132.948852039506
10463.793216148855,18.46093122599613,5443.866984856094
2583.236569940585,8.611381655775647,8192.093963692205
719.4397769514948,31.233270918800457,8419.05471636486
146.02510716047342,35.507548832107645,2071.3547707787425
7035.287263312928,8.085860059914317,3978.241465183528
4841.994835303398,25.970028143017625,1344.9858282632183
6088.326738989383,17.440178106975416,6488.551019913093
1197.4074674672174,36.392373819683165,16539.789514907377
733.0627561413933,39.14662538935987,2154.026764511066
73.25738132834391,17.443314580351455,1088.9364887504628
2158.4363075753463,69.5491318302563,2927.925046057838
4456.986878324723,33.88663119887384,4140.643158304614
2489.9093378057537,18.18396913119457,8471.502533156352
2876.597814142156,7.534843126406969,3798.2323610883177
11725.307614907208,40.71716167088343,6574.547442294913
2140.5130721255587,48.2694404128198,3311.7705173037984
3607.6251403616056,22.351727097895147,4325.721095150775
7654.358688598508,37.26898211633622,2470.8206433075607
2525.4006564958986,94.69350736734006,1807.4172265920915
4865.452376765426,62.26565408689468,8686.244250785026
9915.703218421531,2.925577479180122,3509.230356040182
14930.952076873338,17.999345266508165,6927.997990282728
795.4093965741798,30.05785145385176,2435.518503329348
13058.313815210397,35.35727560354754,5027.85364500962
3387.513904977653,37.88036012229993,490.7341997717149
1493.6772717569788,46.09579480849992,3731.185359860116
3072.9348368534875,30.852046355069763,2677.0484170130376
19568.26548790296,33.82240106970402,11188.098375017093
3392.4564633367986,64.49650781475664,1539.237324472863
1993.080160502499,41.31003091401673,4469.427271372067
5017.431369788298,11.664744257057489,6429.783161338226
1373.1423385780147,36.21563503590047,10140.752824226489
394.4765248811752,30.12343648774613,9196.525677977455
689.8760985620793,4.529429646781482,4753.623427756985
685.0921203350356,37.63351192814912,5287.584110462841
823.7995077833649,13.216906130624505,11181.290660508714
747.3003303375827,65.1530496512601,4682.719932800506
5120.420255379032,45.62480982086308,5724.504562177752
1003.731785172408,11.036427322256054,11431.548773217148
2120.696578974026,63.14364878391625,22122.295599188223
11354.870625641788,83.7621856512535,6097.173926100811
3211.905708232968,27.285011573294987,7363.222035265921
5506.445418261903,29.98436533277164,9006.869976671394
945.6425855660824,58.95688810054613,11357.636747333268
1067.7549049754753,79.6265292191402,10314.942314102653
208.63606358782653,6.197382776845721,3096.444839535437
925.2367203279044,12.354385702665834,6401.977967189683
1632.7405931557275,23.81149530239368,10363.998720545387
974.0590874155396,25.995719553238605,12999.862836226834
464.42953930183785,57.7884828850494,4475.796822732231
642.7810674667627,79.90223110107473,6288.509514008522
3088.1467168268955,83.91587871605975,6828.800104965068
1155.4610317254828,6.02287117932379,5154.339113460146
2264.9055775545926,16.55508083962549,6169.220176330547
3500.025923571652,20.25674045284605,31013.794631763725
5862.287170062711,16.49469922410638,4329.660382459315
200.52865050007716,45.52514914604661,4599.362631084334
8032.471219130598,49.52138194257775,960.813398653552
4942.968451836482,33.499430749134945,781.9079804465499
426.4771518816713,31.10346908421905,7181.824243602169
10340.673492440454,24.66334466385016,10392.985363263964
12683.46773189464,27.08780517807834,9113.627690852916
315.11413780081705,93.99227163077438,2429.427242449299
1620.884215643254,54.76116890986784,8744.031740653625
8204.675916133212,25.435710127221363,4542.016200534187
6896.786201071542,30.63885335169905,3697.690568884641
1019.8981603090024,46.28116445236245,1385.4292739956898
1174.4951559076662,11.032866666968989,2711.40478294702
2313.9255501218486,37.16200219431877,7302.832319259634
3313.312823343072,52.670845173904965,6352.197551077278
4815.00917029276,48.00946925597253,5679.545458749445
2301.562815001756,16.849679846373768,419.8052786314097
3104.455546104588,19.735487218501667,5723.580368965741
6881.1447019492125,3.896404772934161,3056.7104038520365
186.86476160739232,56.61346848994373,6386.004261810665
1454.6831094119862,120.68412195758214,11591.100991073325
6247.459374780129,14.784149493648332,3457.188501769742
11278.833771653068,70.60643174179008,5411.408850984048
3583.8955610420044,113.77448888613662,17811.908007224076
3797.647511765345,22.70468882443533,6152.968778650287
566.8066927033169,30.67190990281985,4914.209285823006
2965.716230417754,40.32346227134416,2465.9495364860604
3803.03399527645,46.92606334375495,8914.365140562863
1388.4640163032666,41.93657117985296,2093.9012779602167
1568.3730593927191,24.209132252286672,11938.219936012716
2368.32492401236,52.095717393435415,8041.488820766783
101.37680375157257,24.67180911616324,3149.719631256361
1943.6238062806788,44.04882397658318,2541.684491822444
1187.7846781181493,32.58346510360843,2597.0945245203743
1983.746151159913,5.313360272294596,799.2422540458953
637.8155164239063,77.68533760856937,7057.6519244567335
11060.399499715124,20.19757443854306,499.762824951556
4501.994069397799,82.9048032122821,4674.006629044511
5683.164789465158,68.7114202441246,4440.115262112059
7783.5451618889565,39.43595812220157,3838.4404267658247
3450.1821092444256,48.68031476980349,7022.754489411006
454.6604725872792,52.922201555651085,3156.466534693472
3851.2918164741127,28.493284205484485,5734.547585954315
4419.615289356868,29.578045094681013,11936.629431661668
6841.083244042046,51.12761799104284,7631.13455903169
2825.1732469149106,32.852605012190466,3566.7761470008595
682.4233336465611,24.274491239151644,5030.581963514078
1668.8109013085195,17.095088461883623,3841.965184257898
2255.5741273731173,44.98668697404641,4390.156578084903
5191.123058109308,19.62882101853453,5867.238749198144
4228.908606007098,60.926395880186526,1319.8332643165622
2201.033798259031,64.49604320650876,1010.3374924457448
21530.97886084906,48.41368787433807,2278.072409307891
4654.165042336046,55.77905860936647,7264.681327404746
1353.9726437839995,48.5161778621106,7989.885449606189
536.7150231244343,58.56507880573295,8843.478681351597
829.4414629491293,56.84832813295384,2362.308827871416
1411.5342469757047,43.25603323727124,5387.895435333595
875.8243747714702,69.30249944096005,3659.0759543286495
1032.458727272902,29.297746720907515,4535.9456814640525
1678.0292410772329,17.5620699815744,3605.612777989369
952.012168314435,16.773833244762844,6117.17455863303
11353.757246779576,25.997311170979536,2827.8104582610404
418.1785629600008,4.449609905593562,11049.419827576388
3717.061750563513,39.14941558278227,11116.401723689036
2641.5277824465115,53.41674212281417,7103.393995633033
20193.210830079603,63.87442435140649,10181.952228496655
594.1367284870245,6.670986320546212,1265.7147669812628
2536.289968712152,17.263599091730185,11488.365568929372
17445.298320633574,59.66459332905487,6619.771158882399
10031.220309840774,28.5750429963972,2978.175904889048
8493.315170180897,52.57866776710884,2724.022849178132
1491.3754176675232,10.482216158281537,14177.320816072424
936.9976639324376,82.2534036837348,8942.581586602104
5522.797993408918,9.673390442110234,4441.474181830181
13251.925474799777,38.30921144228117,1250.0075463401336
4068.252109523711,39.045051215428025,11886.785057801531
4238.637807292933,22.182533292744303,1820.9915467215576
1642.3751540532542,47.2076376203601,3713.7935988935615
7337.368792060442,48.16195234451756,4436.614006686122
1035.389910730354,44.52674421716458,2687.498357058993
1955.4390655961631,21.84326003196199,4280.7918022341655
2770.7227503491526,18.421046998428874,4972.764490286409
3542.4248132234925,23.843115748293847,4210.572528047222
1388.0629178480292,16.288535126767115,6342.417415450376
609.9163607206772,71.46462624528196,14528.051099701986
4715.998287146783,25.563666823136096,1317.1586275572377
1702.8168421827088,37.503045112469685,5636.2340357482
4352.265341462218,59.498158836495,1840.393988741691
838.323763853399,15.582786721050404,1183.9280853610962
3280.606890142638,9.260097185208645,9655.720337355428
3802.736240645389,16.33923947016868,6001.439565788348
266.07325728560664,40.58261303479881,1103.1590456170554
2051.9180069021163,38.585813219572735,4277.683573062284
721.746634159658,44.46566869406018,2283.7405719691824
327.3612938626244,30.738559629980397,4398.013972378993
23006.006556976623,1.6925452745504126,8192.10380542625
1945.6501125971013,29.985077020609594,7612.695255962722
8300.353068849494,64.98932155735781,3626.9774919935007
1469.444171467007,76.52065057758941,9969.058011294022
5720.706755101758,35.67526345475136,12571.410613558211
7140.331114141043,38.69196743103945,8287.700466292277
4527.232970845699,51.89427107515685,3140.6268935521084
3189.283220226359,75.08089075482434,4513.004978152989
2653.7890675268886,33.346967030748694,14223.908586439162
2145.216508519874,51.39077330830165,3853.61826841332
13262.780241103905,21.04339680893792,7629.791579642954
8878.03535570899,10.705217804677403,2654.9103169810587
16765.88194707846,22.94664477469697,10017.235856943364
663.6427091805277,86.65846792291951,2389.564513251494
6562.7568173025375,52.1178099244395,4668.951834549287
13930.636326306205,11.72759545608358,7438.475634783607
999.7790485039884,53.81497217551892,16179.043185151842
344.0515873624843,12.610718847149512,5919.709031877078
6756.965765943111,44.02734654016988,4050.154478112778
4272.1357209933485,15.045959906194868,3807.05908962923
9220.385706607389,11.088718202113276,9717.648287178845
752.791232070963,96.27941534100349,7013.596251941403
7930.25055515934,25.548012915855487,8077.84659381464
1125.8988653351148,51.45905417229823,13559.984559944283
893.57599482759,34.40106373684719,5236.341053601781
897.2232827997535,13.575280259311022,6659.751505837274
8425.516412820043,27.772440631992144,3765.062761449335
5471.068195079844,13.686777137222055,2565.029916137705
3701.879781730222,142.48915851366797,3025.99633735764
2222.307008390341,57.972891462300105,280.5268960647471
10486.013336471662,33.91677147303989,7384.652251992895
2491.5637484872245,49.54945328210606,6848.458317131264
8480.413314240348,55.42626776906636,7273.030601604847
2891.374405569402,55.52795956710106,2414.889437601636
2365.5978290886856,53.89960808547667,3071.462304907604
3105.805299498013,51.06780011538774,2986.2382341865514
1793.2263771532105,36.033022592616135,10692.690649895196
6883.886564684697,91.4579024757644,5757.295259271627
3493.01407847798,37.77098047240749,5193.411976329102
1321.2126549853265,34.66458747696599,8607.932450884773
11491.699247752918,38.01229989546193,2994.9228310616427
2421.6587117935564,40.03726255142518,6542.314409075198
3921.411910888817,6.729957949050629,17570.887947916846
11847.478043548132,16.19138270943448,11849.442242775229
4893.996519286654,30.737752216525568,6470.512921358539
621.5730792888987,6.361161135135212,5343.351323246879
14053.083419661045,33.87553367285983,7228.10905054122
4940.384644674131,39.65186963342143,12961.008601066278
2039.131577756547,10.23457055663171,12351.482982225243
749.8841030821291,19.817272862806345,14425.749587008297
7900.006978401335,78.58390846755223,6000.902823621978
4838.877537814262,49.90583960491958,494.3516099312983
3812.069290245141,47.9231556966996,16761.57054536534
11216.516652682229,72.28852727288566,2559.9546379607827
7769.95006848036,16.47445125186138,8509.615203619074
822.4566006317044,10.26499987549131,508.5768015672459
1867.8127569790024,65.87731276224012,5111.027555399046
1428.3480927441897,31.410492001686706,3859.254519234613
6811.8403093420575,16.085580416656597,14447.452408254485
170.53769928918965,6.670092679442804,6530.887407263645
4218.567781930715,38.33445944789102,5070.104156408579
7187.068579298894,28.663374163244683,7062.955429222777
10468.336721929689,24.929709526738662,137.3477420540596
2093.3729677254632,2.6299409883288423,2935.7133775131697
8609.039817705016,90.67143482343351,3337.3159054011808
586.2194254938867,8.427953819309163,7875.830471747249
9368.719786058438,26.91154417048065,2073.100090022625
681.8981526403542,23.433249445399863,5809.633101742982
2531.5731560493214,50.95598974221674,4699.982603629904
7980.0268166324495,6.75468815687768,3075.7300984426506
812.1089496020809,46.74724817351769,3251.0496607990544
1301.9651122237549,38.47536568008744,4666.525311801073
6405.215488224527,18.99604752680472,710.5959101254583
6365.480859958473,45.58321577081269,8690.25191107523
5124.221043686954,33.83017509759001,2543.774787828531
5920.008545438084,104.99644793739024,4059.7852790903657
3912.345505978191,28.643188390130028,14097.997723611576
1450.4184962970496,14.234715164984667,8794.458828351695
2120.915968966317,47.07908632007749,1735.4652362450097
1002.0063725826592,25.8859744079984,95.1206102286924
11954.380696618258,33.315040847207264,7281.248620689792
4378.045273182993,10.349655919314912,4190.215471998998
2561.228297395112,51.5048650974513,5835.692800111145
3099.5375316058166,22.610240967408693,8591.467858525553
14714.118684986057,40.68033884650543,9550.512714346469
832.3477506425033,122.25174893923642,3558.475834288059
4412.22304554277,27.353319430977376,4606.671745564979
3524.9722039658864,56.476913312978986,6683.198435884151
4726.721590015363,28.86967831139397,7002.866505060675
91.38090203248618,19.220711679983516,5793.221300741057
10283.467612703484,80.41179887519951,13070.13791506854
13449.94268345626,4.634710298174779,6946.604571553863
4163.577319716988,66.70125675496156,8502.996239576167
5964.353702629791,3.9534453383943062,6161.46475707038
12787.346789228131,62.0996764209987,2058.6974736291213
6141.987266962591,33.70322216501074,2927.58553868832
827.5525456206086,14.271306980654272,1663.6413867042131
4293.510749262801,23.88953086373753,10293.726760421312
4666.104285170075,54.37970916829839,1096.2664779758493
2759.3725196141054,114.83681776527912,4459.522449267977
6667.451519416961,7.061027739016822,3721.388222080269
13618.384428812373,15.095658309098162,3641.711397594744
12989.381065270589,9.432171972482294,3907.2884862375295
2996.821481518088,28.68482820329046,14726.557361160343
600.8935227589209,63.24236345042485,649.3721058949639
20945.86994560353,8.15005989018,11991.29273087108
9128.590554092214,33.022171312832086,4180.563888368577
665.729798585317,61.87672693592469,9122.707796203633
12681.53970481638,23.60683885167278,5315.481834335072
10197.119656134317,38.7385396555249,1837.90445469537
3657.756929843246,76.50499154856307,12766.117113643786
4473.568934145374,12.621574795121491,11468.807236575194
2545.824217045068,5.271304546737135,1973.602585438983
281.5907462164689,42.28663008686314,7679.110072257614
2041.3244315037057,43.14027503824651,3045.6565034809432
8119.039555330894,22.269391910543423,1149.7286886793745
23.213920331714423,18.75348308685486,2549.503724450426
2028.569482950844,34.22294373487559,12270.341406514184
2538.8904742733907,12.404017912450325,9277.436962026297
3854.4151206194088,12.423006862240136,3944.789778853476
12619.627380765209,54.13157807048115,12309.21176732208
2125.8855544539506,11.599885711749636,10881.485927884458
2130.5324297924763,5.679958517605974,2553.128196482682
6687.544758327828,18.720833098482714,14339.79621805208
3009.388867461697,22.72280705589322,3691.0659840083854
1271.912368513627,46.74363242993604,4117.704103753074
3011.411752880776,20.16341034546584,671.0944289021835
759.0996096569353,85.19746193926211,2996.519748846917
970.2725160404838,35.58512254609171,4486.828400338619
3449.4402140140883,16.516318696264157,6288.798260711835
2714.3810812800352,45.345401436010775,1844.0742834339987
12316.463676264064,84.19881643920797,2658.8972023330816
2250.172915198641,53.1063519311773,14548.493824440491
4344.51191892636,7.637189966198391,10396.730912884945
5001.95386258924,24.36964899206213,11720.814512240562
65.90472412829614,40.2197959635031,4786.533080427508
5446.340985179945,51.58108961255611,6426.441321395762
980.293200996241,28.823429263938436,7800.358245327511
16229.991361362132,25.72032962426709,14408.058237145864
804.7345215509004,104.4903385148106,1122.7747296495188
2677.505572683034,53.65323114290633,3259.5154810896624
446.0671882525157,45.44654806316365,6003.738444097287
28840.4080757538,20.896199512763584,5340.975995302543
3487.7343282911306,12.232385871284176,2629.2087527909803
4524.096620444729,46.0176589737933,7329.072428501706
347.16025414127085,57.761508536403085,3369.55222926787
6930.681276079995,33.18905341742913,5049.849878602833
1178.014191251316,53.75320452830238,7098.1040589864415
11416.574284058152,54.71025802159212,3504.191033441129
1147.9441408041666,60.41480579865322,8747.64579681251
1057.8521490440792,7.495061912702228,9875.754821388484
186.17170928836083,24.93856523169425,2718.383804059986
3193.92896647732,48.003583212906776,3349.458051609492
4160.220518380903,34.63507129553185,2113.734052823163
339.8347008957824,54.82856504373367,4964.111764140723
7470.012967991862,45.42706879499245,6285.659780887424
3019.1732514681084,2.917795131815726,3786.1323861195474
3715.788272962984,70.44443495621637,6157.373684685832
2905.9073589379013,22.43537709324745,3275.759342512285
2560.4910063746065,15.650607237283817,3365.541212107262
4100.817285689373,68.8737932220458,6525.464619785267
843.5150338047774,51.93710923761968,3553.769768321933
1004.0254310431276,75.43903236151614,4759.488489313598
9894.746641480702,40.54403620123017,6694.915580374924
14604.558546323427,24.678849202636187,6091.762464300297
2336.5109373756927,37.1743675395839,3314.872848009316
1578.6568284633302,13.193280540038552,10567.60588581698
5164.116325472285,9.185553406777387,7554.452261589931
2627.447838036232,19.582670358563423,6004.294216943719
128.5707436632351,90.6862281512198,1854.6730724640488
848.918016497553,21.324629206549226,5440.435734988684
6293.416299265227,5.827628511006576,2945.4169748801623
5378.248911587679,29.46791393966711,7167.980131960042
137.34928942220048,21.08616977340875,90.89350892084222
1254.964869333525,71.30882360140575,4071.457639844665
1313.807894754655,86.4648893795019,3192.2394940605523
5572.073614139259,23.756842047166124,8770.300963341775
99.53690646069704,40.51550407992279,702.7208812153252
549.6802930068641,43.021146141665824,5178.265307219933
8045.092136481207,32.092849282050466,7489.147546902059
983.3885472589268,27.731291390786108,16188.73919767568
5288.495444602884,14.711461095080134,3356.603181334581
1360.243111044976,4.777180385964778,6364.835911217616
523.7001674243566,14.632610032416329,762.4133638400657
1393.0975820572364,31.225053550832417,4978.495977371067
6405.474065485159,8.165521038748203,11094.12782197698
9679.181687269647,38.97646005453357,16292.11878739619
8866.254999877821,35.15604532354284,6808.028709896092
2530.712447375442,21.116764746424955,1050.0421666522975
5514.383892022975,26.79970261892569,12302.07803595616
1146.967051644904,9.77833280729296,1060.816613225228
1734.667943062584,59.674398204723445,1681.8819530197145
11332.99314315452,58.97910573692637,13004.68734388466
65.43594198142502,11.606666955451852,4703.09278997636
446.93569815224566,11.938443027955344,3045.663290507865
1165.251401199076,14.812424938148377,8223.531359351075
134.45267612158443,49.69612937711723,5663.685344376561
1001.015016451364,42.92331829579904,10428.172908038498
4373.843643721833,68.34659537933149,5861.101355287402
2735.931591839002,73.56962231101129,5961.475020581145
11159.315104109137,7.3694225234388275,10177.944114481192
8503.479515097391,48.45241979680965,4653.1677122139645
2091.36402584516,71.60736493350659,2289.599136848641
1501.6312607363927,25.43015343029592,8556.160111937932
2387.6990405426886,32.72890994198101,3953.009284824588
4461.588750716526,29.031147305182746,6213.379168026748
1560.3085490763644,30.052655222766383,569.5598167259961
4892.811227735438,59.5342179866024,4505.498705028096
2633.180196399056,101.98723851314875,3233.5278720916244
4015.336832574222,83.23778786984346,545.9870936303375
2864.62697545556,21.96012838344628,4617.90983152807
1743.9998763116655,40.60987665009616,4740.7727002703805
14826.336105761018,16.91559942105784,6546.2766594493805
7211.272518663181,18.49368555669787,10968.553483343014
754.7724906151043,31.62870954206816,9795.039076147144
10142.52463859662,18.057506416238557,3428.7735314917045
3341.6016483095823,20.487520179707985,5754.200075518782
11247.697451448716,39.90470069651634,7239.837813473467
8043.572269649501,47.97130195892016,3511.72763003381
2768.7830962930366,47.06595619004772,1173.3878278028235
113.6279473877006,47.39972583006761,4235.285342110629
1564.5027388824335,10.501283603349718,11280.269598124083
3900.438778398981,17.25425380612644,1111.00154957703
5018.4866596726815,34.322510558190054,2073.828794226999
1491.2733996446946,69.42150475902288,2515.821327874012
750.3720941535777,139.1999163359917,2096.599678896011
9006.935435811958,41.80935840343829,8249.131999392854
20803.12081593617,55.65057122303549,2935.332042163071
3729.4727348604342,9.340191777603856,8404.361368727275
941.7743183003696,54.61621573413316,5173.776099243891
1589.3823586446642,115.78616911752611,828.5230282882538
92.80943705383004,17.198210887207882,3576.386711970334
12284.442638467784,21.06201794999132,9995.418084749885
626.405219231015,60.8181681976879,5622.537056125415
4296.203344340779,33.99316606860528,3806.52417809301
1601.4066430139644,4.276175331148784,11371.617738511824
4039.1775770349263,22.153287961178123,1881.85591946188
5269.443169930135,86.22785427552934,3029.986606896172
8852.1959621118,26.63688747533333,9361.563319219436
1156.0126375226791,26.619165344799857,8130.384537235169
55.28364815848598,58.1885261456666,1730.613960545346
736.0403534369526,42.9068810976069,7064.944680942001
11513.857644265909,25.4898899650128,2893.317215013558
10353.006760265613,19.8926669554623,509.9958219300312
4549.221550982463,182.17629057228916,3868.8674165819066
4587.918592526735,76.90540971596648,16978.48269749246
5468.671147037563,47.387225465082494,10113.793051615865
964.1101431927608,49.554352746414175,4818.768892639267
12291.047803856509,30.197910493999878,1034.66172361263
2713.04817173159,42.53607095035651,533.3255275151723
2415.553996639342,27.745021958708257,5186.206261200574
3658.584663113405,15.82861138883663,6734.581859585802
240.5233214598861,43.75042832567354,8316.611804138596
909.3085252463616,25.875686847913546,7658.255569069932
6697.695452119816,45.39919420466623,8124.270182072486
432.141378359218,51.58549516961956,6149.599491178415
4621.011094925578,47.118939437695495,11206.299195760976
1407.500168002204,14.679335286188277,3228.0290080385203
2465.711284625942,23.676553603206084,5126.564966687811
1703.26095977073,26.27992124533313,832.602542699771
2197.7423886142674,65.4100810571754,3169.3385091895743
6347.819933193434,63.11599283727383,9925.044267746469
1762.8576980277544,18.163754591193243,7942.49814503861
4178.217653528511,10.254088205889648,291.2435960557827
3231.7989334513086,143.45028878621838,17811.85030617438
5448.329615463392,45.80857037628937,5633.576878545266
13809.608237564846,8.915476020632509,5713.89383588029
6594.526356275214,20.77403255364287,2996.9989599946352
1209.9780662202363,67.27153780624397,3591.730940514939
158.3983941212892,121.5604655943013,5586.357447456518
1520.8465100279395,108.7360302691327,7626.6874853816
4520.303259365486,44.43905771465318,6364.297340855574
263.9763904988734,33.42056452127182,3207.547488322863
3429.5297801309443,13.409857063505402,2260.040825742368
4542.144199937801,35.5950759098297,2118.201196154332
2034.159389690502,15.148063750211954,10457.995851326188
7368.249795733674,23.867525430291423,9612.377758917732
563.59457382339,60.77435289306556,7134.750934495399
390.5525289612351,27.63502463773753,10406.606587067408
6513.237051081964,26.17898094867077,4530.701358097602
3420.851133315343,32.053786446392344,9049.445538266938
5830.213278665705,157.12086293330125,7401.1325712199505
2853.1199956442865,12.076713903381483,9218.950131365891
1414.481268792658,41.11706101136396,1918.919017741265
8549.11849285598,102.47977038186684,6085.208462958676
8032.60781980095,31.980489988677977,3760.544298216125
5932.244098545607,75.95761050795355,389.8882948414576
1588.2680749401604,9.555863343554186,11608.48317719644
4460.804398617322,28.362271570674174,9630.839555866743
2239.0498778991105,16.64968900978739,6483.439116167237
480.2536730332661,31.7198912622163,2391.0264692377136
12463.499217688208,32.239818936263454,787.7875634314715
735.6522440976001,34.85403023793996,381.3830682250369
15002.453265613813,60.38904617736701,3149.2387266596115
2953.005063954361,2.467054868584145,8208.296071734178
